<?xml version="1.0"?>   <!--Processing Instruction-->      
<EmployeeInfo>    <!--Parent Element with name EmployeeInfo-->
  <Employee>
                    <!--Child Element with name EmployeeInfo-->
    <EmpID>626262</EmpID>          <!--Child Element-->
    <EmpName>Gauri Bhide</EmpName>  <!--Child Element-->
    <Emp_Address>Mumbai</Emp_Address> <!--Child Element-->
    <Emp_DOJ>2013-06-01</Emp_DOJ>     <!--Child Element-->
    <Emp_Designation>SSE</Emp_Designation> <!--Child Element-->
    <Emp_Level>3</Emp_Level>             <!--Child Element-->
  </Employee>      <!--End of Employee element-->
<Employee>				 
  <EmpID>626260</EmpID>		 
  <EmpName>Raviteja</EmpName>
  <Emp_Address>Hyderabad</Emp_Address>
  <Emp_DOJ>2015-10-03</Emp_DOJ>
  <Emp_Designation>FS</Emp_Designation>
  <Emp_Level>2</Emp_Level>
 </Employee>
<Employee>
  <EmpID>626264</EmpID>
  <EmpName>vaishu</EmpName>
  <Emp_Address>Chennai</Emp_Address>
  <Emp_DOJ>2016-07-04</Emp_DOJ>
  <Emp_Designation>Programmer</Emp_Designation>
  <Emp_Level>2</Emp_Level>
</Employee>
  <Employee>
    <EmpID>626265</EmpID>
    <EmpName>Tejaswini</EmpName>
    <Emp_Address>Pune</Emp_Address>
    <Emp_DOJ>2016-07-04</Emp_DOJ>
    <Emp_Designation>Programmer</Emp_Designation>
    <Emp_Level>2</Emp_Level>
  </Employee>
  <Employee>
    <EmpID>626268</EmpID>
    <EmpName>Akhil</EmpName>
    <Emp_Address>Mumbai</Emp_Address>
    <Emp_DOJ>2016-07-04</Emp_DOJ>
    <Emp_Designation>Programmer</Emp_Designation>
    <Emp_Level>2</Emp_Level>
  </Employee>
</EmployeeInfo>
